{
  "Delete" : {
    "transaction" : "Delete",
    "sampleCount" : 20000,
    "errorCount" : 926,
    "errorPct" : 4.63,
    "meanResTime" : 1155.7488500000018,
    "medianResTime" : 23.0,
    "minResTime" : 1.0,
    "maxResTime" : 70003.0,
    "pct1ResTime" : 1228.0,
    "pct2ResTime" : 2254.0,
    "pct3ResTime" : 34542.86000000002,
    "throughput" : 221.8770800976259,
    "receivedKBytesPerSec" : 77.63967638881185,
    "sentKBytesPerSec" : 50.42130643998225
  },
  "GET  character id " : {
    "transaction" : "GET  character id ",
    "sampleCount" : 20000,
    "errorCount" : 3392,
    "errorPct" : 16.96,
    "meanResTime" : 4221.332400000011,
    "medianResTime" : 187.0,
    "minResTime" : 1.0,
    "maxResTime" : 70084.0,
    "pct1ResTime" : 8250.0,
    "pct2ResTime" : 30567.850000000002,
    "pct3ResTime" : 66184.97,
    "throughput" : 197.52696243037173,
    "receivedKBytesPerSec" : 127.67885333437859,
    "sentKBytesPerSec" : 35.56040868328527
  },
  "Add character" : {
    "transaction" : "Add character",
    "sampleCount" : 20000,
    "errorCount" : 2026,
    "errorPct" : 10.13,
    "meanResTime" : 2636.0746499999927,
    "medianResTime" : 58.0,
    "minResTime" : 1.0,
    "maxResTime" : 70071.0,
    "pct1ResTime" : 3096.50000000008,
    "pct2ResTime" : 20410.95,
    "pct3ResTime" : 43753.80000000003,
    "throughput" : 200.69641656548222,
    "receivedKBytesPerSec" : 99.17946524439806,
    "sentKBytesPerSec" : 50.8896829027977
  },
  "Update the hero" : {
    "transaction" : "Update the hero",
    "sampleCount" : 20000,
    "errorCount" : 2340,
    "errorPct" : 11.7,
    "meanResTime" : 1639.122649999991,
    "medianResTime" : 26.0,
    "minResTime" : 1.0,
    "maxResTime" : 66821.0,
    "pct1ResTime" : 1495.9000000000015,
    "pct2ResTime" : 5164.500000000007,
    "pct3ResTime" : 39114.900000000016,
    "throughput" : 219.04125642064685,
    "receivedKBytesPerSec" : 102.45921083884586,
    "sentKBytesPerSec" : 58.65463876332044
  },
  "Total" : {
    "transaction" : "Total",
    "sampleCount" : 100000,
    "errorCount" : 13527,
    "errorPct" : 13.527,
    "meanResTime" : 2852.805609999998,
    "medianResTime" : 8.0,
    "minResTime" : 1.0,
    "maxResTime" : 70423.0,
    "pct1ResTime" : 41.0,
    "pct2ResTime" : 11384.750000000004,
    "pct3ResTime" : 66575.0,
    "throughput" : 976.0573140854831,
    "receivedKBytesPerSec" : 1272.948337057602,
    "sentKBytesPerSec" : 213.20621368761772
  },
  "GET characters" : {
    "transaction" : "GET characters",
    "sampleCount" : 20000,
    "errorCount" : 4843,
    "errorPct" : 24.215,
    "meanResTime" : 4611.749499999974,
    "medianResTime" : 220.0,
    "minResTime" : 1.0,
    "maxResTime" : 70423.0,
    "pct1ResTime" : 11449.900000000001,
    "pct2ResTime" : 31665.9,
    "pct3ResTime" : 38859.98,
    "throughput" : 195.22670701351947,
    "receivedKBytesPerSec" : 890.745491483235,
    "sentKBytesPerSec" : 31.931167714993414
  }
}