{
  "Delete" : {
    "transaction" : "Delete",
    "sampleCount" : 55631,
    "errorCount" : 1050,
    "errorPct" : 1.8874369,
    "meanResTime" : 1498.307292696509,
    "medianResTime" : 377.0,
    "minResTime" : 2.0,
    "maxResTime" : 176158.0,
    "pct1ResTime" : 783.0,
    "pct2ResTime" : 1206.6000000000058,
    "pct3ResTime" : 132040.97,
    "throughput" : 277.6524490671884,
    "receivedKBytesPerSec" : 77.63206896298949,
    "sentKBytesPerSec" : 65.01293206171829
  },
  "GET  character id " : {
    "transaction" : "GET  character id ",
    "sampleCount" : 59107,
    "errorCount" : 4112,
    "errorPct" : 6.956875,
    "meanResTime" : 4152.158796758403,
    "medianResTime" : 390.0,
    "minResTime" : 1.0,
    "maxResTime" : 179071.0,
    "pct1ResTime" : 948.0,
    "pct2ResTime" : 30721.550000000007,
    "pct3ResTime" : 134263.99,
    "throughput" : 276.0268055198823,
    "receivedKBytesPerSec" : 109.84765469943027,
    "sentKBytesPerSec" : 55.81632388738413
  },
  "Add character" : {
    "transaction" : "Add character",
    "sampleCount" : 57774,
    "errorCount" : 2850,
    "errorPct" : 4.933015,
    "meanResTime" : 3274.813220479806,
    "medianResTime" : 390.0,
    "minResTime" : 2.0,
    "maxResTime" : 196174.0,
    "pct1ResTime" : 874.0,
    "pct2ResTime" : 30437.850000000002,
    "pct3ResTime" : 134211.94,
    "throughput" : 275.7616690611769,
    "receivedKBytesPerSec" : 99.70316848005078,
    "sentKBytesPerSec" : 74.08167224126163
  },
  "Update the hero" : {
    "transaction" : "Update the hero",
    "sampleCount" : 56473,
    "errorCount" : 1674,
    "errorPct" : 2.9642484,
    "meanResTime" : 2070.539939440071,
    "medianResTime" : 383.0,
    "minResTime" : 2.0,
    "maxResTime" : 176204.0,
    "pct1ResTime" : 829.9000000000015,
    "pct2ResTime" : 1274.7000000000044,
    "pct3ResTime" : 132163.92,
    "throughput" : 277.49769050848124,
    "receivedKBytesPerSec" : 88.86653968302228,
    "sentKBytesPerSec" : 77.54175357971185
  },
  "Total" : {
    "transaction" : "Total",
    "sampleCount" : 288941,
    "errorCount" : 14400,
    "errorPct" : 4.9837165,
    "meanResTime" : 3009.1744023866263,
    "medianResTime" : 102.0,
    "minResTime" : 1.0,
    "maxResTime" : 212207.0,
    "pct1ResTime" : 191.0,
    "pct2ResTime" : 24264.800000000352,
    "pct3ResTime" : 130999.98000000001,
    "throughput" : 1329.8461850014266,
    "receivedKBytesPerSec" : 3045.470518899811,
    "sentKBytesPerSec" : 314.0779416917118
  },
  "GET characters" : {
    "transaction" : "GET characters",
    "sampleCount" : 59956,
    "errorCount" : 4714,
    "errorPct" : 7.8624325,
    "meanResTime" : 3912.389368870462,
    "medianResTime" : 378.0,
    "minResTime" : 2.0,
    "maxResTime" : 212207.0,
    "pct1ResTime" : 765.0,
    "pct2ResTime" : 1253.9500000000007,
    "pct3ResTime" : 146147.97,
    "throughput" : 275.95285107401423,
    "receivedKBytesPerSec" : 2686.3070843343967,
    "sentKBytesPerSec" : 55.05444863280081
  }
}