{
  "Delete" : {
    "transaction" : "Delete",
    "sampleCount" : 167392,
    "errorCount" : 772,
    "errorPct" : 0.46119288,
    "meanResTime" : 374.0386039954124,
    "medianResTime" : 111.0,
    "minResTime" : 1.0,
    "maxResTime" : 161477.0,
    "pct1ResTime" : 169.0,
    "pct2ResTime" : 201.0,
    "pct3ResTime" : 34673.97,
    "throughput" : 407.55051408843343,
    "receivedKBytesPerSec" : 99.5004004522773,
    "sentKBytesPerSec" : 97.05885273247193
  },
  "GET  character id " : {
    "transaction" : "GET  character id ",
    "sampleCount" : 167957,
    "errorCount" : 1219,
    "errorPct" : 0.725781,
    "meanResTime" : 479.93042266771295,
    "medianResTime" : 111.0,
    "minResTime" : 1.0,
    "maxResTime" : 161397.0,
    "pct1ResTime" : 170.0,
    "pct2ResTime" : 200.0,
    "pct3ResTime" : 416.9900000000016,
    "throughput" : 408.6773712397531,
    "receivedKBytesPerSec" : 106.32960594129965,
    "sentKBytesPerSec" : 88.38791560263714
  },
  "Add character" : {
    "transaction" : "Add character",
    "sampleCount" : 167758,
    "errorCount" : 1095,
    "errorPct" : 0.65272593,
    "meanResTime" : 476.977145650288,
    "medianResTime" : 111.0,
    "minResTime" : 2.0,
    "maxResTime" : 137475.0,
    "pct1ResTime" : 168.0,
    "pct2ResTime" : 199.0,
    "pct3ResTime" : 400.9900000000016,
    "throughput" : 408.31436881624904,
    "receivedKBytesPerSec" : 107.761044802911,
    "sentKBytesPerSec" : 115.12631623382944
  },
  "Update the hero" : {
    "transaction" : "Update the hero",
    "sampleCount" : 167592,
    "errorCount" : 946,
    "errorPct" : 0.56446606,
    "meanResTime" : 424.4460893121393,
    "medianResTime" : 111.0,
    "minResTime" : 1.0,
    "maxResTime" : 161470.0,
    "pct1ResTime" : 169.0,
    "pct2ResTime" : 200.0,
    "pct3ResTime" : 452.950000000008,
    "throughput" : 407.96395334967536,
    "receivedKBytesPerSec" : 107.63225619354019,
    "sentKBytesPerSec" : 117.14944791167134
  },
  "Total" : {
    "transaction" : "Total",
    "sampleCount" : 838878,
    "errorCount" : 5560,
    "errorPct" : 0.66279006,
    "meanResTime" : 445.9060435486486,
    "medianResTime" : 121.0,
    "minResTime" : 1.0,
    "maxResTime" : 161477.0,
    "pct1ResTime" : 151.0,
    "pct2ResTime" : 173.0,
    "pct3ResTime" : 357.9900000000016,
    "throughput" : 2039.368700497396,
    "receivedKBytesPerSec" : 5009.64905960627,
    "sentKBytesPerSec" : 505.0017306158866
  },
  "GET characters" : {
    "transaction" : "GET characters",
    "sampleCount" : 168179,
    "errorCount" : 1528,
    "errorPct" : 0.90855575,
    "meanResTime" : 473.84944017980047,
    "medianResTime" : 112.0,
    "minResTime" : 2.0,
    "maxResTime" : 134078.0,
    "pct1ResTime" : 170.0,
    "pct2ResTime" : 200.0,
    "pct3ResTime" : 643.8800000000192,
    "throughput" : 408.85642047940877,
    "receivedKBytesPerSec" : 4588.960318714446,
    "sentKBytesPerSec" : 87.7935456564217
  }
}