{
  "Delete" : {
    "transaction" : "Delete",
    "sampleCount" : 19989,
    "errorCount" : 15930,
    "errorPct" : 79.69383,
    "meanResTime" : 19567.782380309294,
    "medianResTime" : 9754.0,
    "minResTime" : 4.0,
    "maxResTime" : 224613.0,
    "pct1ResTime" : 46695.0,
    "pct2ResTime" : 63771.0,
    "pct3ResTime" : 88957.69999999928,
    "throughput" : 20.92337516473141,
    "receivedKBytesPerSec" : 42.606647968975544,
    "sentKBytesPerSec" : 1.0582872787574724
  },
  "GET  character id " : {
    "transaction" : "GET  character id ",
    "sampleCount" : 29872,
    "errorCount" : 24571,
    "errorPct" : 82.25429,
    "meanResTime" : 18682.624732190805,
    "medianResTime" : 13799.5,
    "minResTime" : 3.0,
    "maxResTime" : 223847.0,
    "pct1ResTime" : 51807.8,
    "pct2ResTime" : 70771.55,
    "pct3ResTime" : 96238.73000000068,
    "throughput" : 30.7414923701987,
    "receivedKBytesPerSec" : 64.5351018359531,
    "sentKBytesPerSec" : 1.2552013332599237
  },
  "Add character" : {
    "transaction" : "Add character",
    "sampleCount" : 26425,
    "errorCount" : 21080,
    "errorPct" : 79.77294,
    "meanResTime" : 18064.657596972615,
    "medianResTime" : 11195.0,
    "minResTime" : 5.0,
    "maxResTime" : 185455.0,
    "pct1ResTime" : 51168.80000000002,
    "pct2ResTime" : 68858.00000000001,
    "pct3ResTime" : 134364.0,
    "throughput" : 27.288095161874942,
    "receivedKBytesPerSec" : 55.27847616480409,
    "sentKBytesPerSec" : 1.704746577951529
  },
  "Update the hero" : {
    "transaction" : "Update the hero",
    "sampleCount" : 23161,
    "errorCount" : 18439,
    "errorPct" : 79.61228,
    "meanResTime" : 18622.580156297285,
    "medianResTime" : 9542.0,
    "minResTime" : 3.0,
    "maxResTime" : 224610.0,
    "pct1ResTime" : 52769.0,
    "pct2ResTime" : 66205.90000000002,
    "pct3ResTime" : 105345.98000000001,
    "throughput" : 24.12111693862503,
    "receivedKBytesPerSec" : 48.74958675429287,
    "sentKBytesPerSec" : 1.5397755542878746
  },
  "Total" : {
    "transaction" : "Total",
    "sampleCount" : 133359,
    "errorCount" : 108691,
    "errorPct" : 81.50256,
    "meanResTime" : 18781.596307710675,
    "medianResTime" : 31832.0,
    "minResTime" : 3.0,
    "maxResTime" : 224613.0,
    "pct1ResTime" : 77680.9,
    "pct2ResTime" : 89159.35,
    "pct3ResTime" : 107814.98000000001,
    "throughput" : 135.76848327263954,
    "receivedKBytesPerSec" : 584.4816791727793,
    "sentKBytesPerSec" : 6.666000733772256
  },
  "GET characters" : {
    "transaction" : "GET characters",
    "sampleCount" : 33912,
    "errorCount" : 28671,
    "errorPct" : 84.545296,
    "meanResTime" : 19072.628509082275,
    "medianResTime" : 8668.5,
    "minResTime" : 4.0,
    "maxResTime" : 200999.0,
    "pct1ResTime" : 46014.10000000001,
    "pct2ResTime" : 76537.90000000002,
    "pct3ResTime" : 107669.96,
    "throughput" : 34.52495607006799,
    "receivedKBytesPerSec" : 377.0500439410672,
    "sentKBytesPerSec" : 1.2091260027401487
  }
}