{
  "Delete" : {
    "transaction" : "Delete",
    "sampleCount" : 2000,
    "errorCount" : 0,
    "errorPct" : 0.0,
    "meanResTime" : 43.71850000000015,
    "medianResTime" : 25.0,
    "minResTime" : 1.0,
    "maxResTime" : 308.0,
    "pct1ResTime" : 102.90000000000009,
    "pct2ResTime" : 138.0,
    "pct3ResTime" : 265.98,
    "throughput" : 61.0668376538121,
    "receivedKBytesPerSec" : 14.849260327928919,
    "sentKBytesPerSec" : 14.551082409697415
  },
  "GET  character id " : {
    "transaction" : "GET  character id ",
    "sampleCount" : 2000,
    "errorCount" : 4,
    "errorPct" : 0.2,
    "meanResTime" : 718.4169999999999,
    "medianResTime" : 37.0,
    "minResTime" : 1.0,
    "maxResTime" : 30106.0,
    "pct1ResTime" : 4991.1,
    "pct2ResTime" : 5739.749999999999,
    "pct3ResTime" : 6882.0,
    "throughput" : 60.72751563733528,
    "receivedKBytesPerSec" : 15.75962056689136,
    "sentKBytesPerSec" : 13.139204545454547
  },
  "Add character" : {
    "transaction" : "Add character",
    "sampleCount" : 2000,
    "errorCount" : 0,
    "errorPct" : 0.0,
    "meanResTime" : 45.6470000000001,
    "medianResTime" : 26.0,
    "minResTime" : 1.0,
    "maxResTime" : 328.0,
    "pct1ResTime" : 106.0,
    "pct2ResTime" : 148.94999999999982,
    "pct3ResTime" : 231.0,
    "throughput" : 60.803210409509624,
    "receivedKBytesPerSec" : 15.967611839905146,
    "sentKBytesPerSec" : 17.15517454321588
  },
  "Update the hero" : {
    "transaction" : "Update the hero",
    "sampleCount" : 2000,
    "errorCount" : 0,
    "errorPct" : 0.0,
    "meanResTime" : 45.033000000000044,
    "medianResTime" : 27.0,
    "minResTime" : 1.0,
    "maxResTime" : 317.0,
    "pct1ResTime" : 101.90000000000009,
    "pct2ResTime" : 143.0,
    "pct3ResTime" : 224.99,
    "throughput" : 60.8976310821509,
    "receivedKBytesPerSec" : 16.00986232377748,
    "sentKBytesPerSec" : 17.496620895119054
  },
  "Total" : {
    "transaction" : "Total",
    "sampleCount" : 10000,
    "errorCount" : 216,
    "errorPct" : 2.16,
    "meanResTime" : 674.1373000000019,
    "medianResTime" : 33.0,
    "minResTime" : 1.0,
    "maxResTime" : 30106.0,
    "pct1ResTime" : 2857.0,
    "pct2ResTime" : 5829.449999999988,
    "pct3ResTime" : 9007.97,
    "throughput" : 296.91211401425176,
    "receivedKBytesPerSec" : 111.75963340632423,
    "sentKBytesPerSec" : 72.27093114422506
  },
  "GET characters" : {
    "transaction" : "GET characters",
    "sampleCount" : 2000,
    "errorCount" : 212,
    "errorPct" : 10.6,
    "meanResTime" : 2517.8709999999955,
    "medianResTime" : 447.0,
    "minResTime" : 1.0,
    "maxResTime" : 9800.0,
    "pct1ResTime" : 7224.9,
    "pct2ResTime" : 8447.399999999998,
    "pct3ResTime" : 9786.99,
    "throughput" : 59.391239792130655,
    "receivedKBytesPerSec" : 50.71092590014848,
    "sentKBytesPerSec" : 11.459145322939868
  }
}