{
  "Delete" : {
    "transaction" : "Delete",
    "sampleCount" : 100,
    "errorCount" : 0,
    "errorPct" : 0.0,
    "meanResTime" : 9.410000000000002,
    "medianResTime" : 7.0,
    "minResTime" : 2.0,
    "maxResTime" : 44.0,
    "pct1ResTime" : 17.0,
    "pct2ResTime" : 32.94999999999999,
    "pct3ResTime" : 43.969999999999985,
    "throughput" : 248.13895781637717,
    "receivedKBytesPerSec" : 60.3384770471464,
    "sentKBytesPerSec" : 59.12686104218362
  },
  "GET  character id " : {
    "transaction" : "GET  character id ",
    "sampleCount" : 100,
    "errorCount" : 0,
    "errorPct" : 0.0,
    "meanResTime" : 12.170000000000007,
    "medianResTime" : 9.0,
    "minResTime" : 3.0,
    "maxResTime" : 44.0,
    "pct1ResTime" : 27.80000000000001,
    "pct2ResTime" : 31.94999999999999,
    "pct3ResTime" : 43.989999999999995,
    "throughput" : 227.27272727272725,
    "receivedKBytesPerSec" : 57.92791193181818,
    "sentKBytesPerSec" : 49.27201704545455
  },
  "Add character" : {
    "transaction" : "Add character",
    "sampleCount" : 100,
    "errorCount" : 0,
    "errorPct" : 0.0,
    "meanResTime" : 15.88,
    "medianResTime" : 9.0,
    "minResTime" : 2.0,
    "maxResTime" : 56.0,
    "pct1ResTime" : 45.0,
    "pct2ResTime" : 48.89999999999998,
    "pct3ResTime" : 55.949999999999974,
    "throughput" : 232.5581395348837,
    "receivedKBytesPerSec" : 61.06240915697675,
    "sentKBytesPerSec" : 65.60456031976744
  },
  "Update the hero" : {
    "transaction" : "Update the hero",
    "sampleCount" : 100,
    "errorCount" : 0,
    "errorPct" : 0.0,
    "meanResTime" : 15.089999999999996,
    "medianResTime" : 8.0,
    "minResTime" : 2.0,
    "maxResTime" : 44.0,
    "pct1ResTime" : 37.900000000000006,
    "pct2ResTime" : 41.89999999999998,
    "pct3ResTime" : 43.989999999999995,
    "throughput" : 242.13075060532688,
    "receivedKBytesPerSec" : 63.653904358353515,
    "sentKBytesPerSec" : 69.56529963680387
  },
  "Total" : {
    "transaction" : "Total",
    "sampleCount" : 500,
    "errorCount" : 0,
    "errorPct" : 0.0,
    "meanResTime" : 60.486,
    "medianResTime" : 10.0,
    "minResTime" : 2.0,
    "maxResTime" : 457.0,
    "pct1ResTime" : 278.1000000000003,
    "pct2ResTime" : 377.9,
    "pct3ResTime" : 431.96000000000004,
    "throughput" : 954.1984732824428,
    "receivedKBytesPerSec" : 273.59591185591603,
    "sentKBytesPerSec" : 236.6989951097328
  },
  "GET characters" : {
    "transaction" : "GET characters",
    "sampleCount" : 100,
    "errorCount" : 0,
    "errorPct" : 0.0,
    "meanResTime" : 249.88000000000002,
    "medianResTime" : 274.5,
    "minResTime" : 51.0,
    "maxResTime" : 457.0,
    "pct1ResTime" : 414.0,
    "pct2ResTime" : 431.79999999999995,
    "pct3ResTime" : 456.92999999999995,
    "throughput" : 198.01980198019803,
    "receivedKBytesPerSec" : 81.21519183168317,
    "sentKBytesPerSec" : 42.73669554455446
  }
}